test_id,field_name,source_image,source_sha256,crop_path,crop_sha256,width,height,content_type,truth_status,reference_value,crop_geometry_status,ocr_eligible,scorable_reference,ocr_eligible_scorable
pilot_01,license_number,C:\Users\Rw\UAE_LICENSE_OCR_V1\pilot_subset\images\pilot_01.png,4683979815aa417f273e5f1b324702d3a80a7051f1f593bd5c535dc6e15f9e89,C:\Users\Rw\UAE_LICENSE_OCR_V1\pilot_subset\runs\pilot_01\value_crops\01_license_number.png,c48172488ad49af905dce65d62c85eca26462cbd18c9a632f7969a03ca1dd44f,200,40,LATIN_DIGITS_OR_ALPHANUMERIC,TRANSCRIBED_FROM_IMAGE,2490527,LABEL_BOUNDARY_CONFLICT,False,False,False
pilot_01,name_ar,C:\Users\Rw\UAE_LICENSE_OCR_V1\pilot_subset\images\pilot_01.png,4683979815aa417f273e5f1b324702d3a80a7051f1f593bd5c535dc6e15f9e89,C:\Users\Rw\UAE_LICENSE_OCR_V1\pilot_subset\runs\pilot_01\value_crops\02_name_ar.png,b09946ac87e9bf28f1869071b96154727ccab30c5a952a0e1d4b1d852e1b81f9,325,18,ARABIC_TEXT,TRANSCRIBED_FROM_IMAGE,رشاد باداث بشير باداث,VALUE_OK,True,True,True
pilot_01,name_en,C:\Users\Rw\UAE_LICENSE_OCR_V1\pilot_subset\images\pilot_01.png,4683979815aa417f273e5f1b324702d3a80a7051f1f593bd5c535dc6e15f9e89,C:\Users\Rw\UAE_LICENSE_OCR_V1\pilot_subset\runs\pilot_01\value_crops\03_name_en.png,9121d17b8a92d05fb2f45f3c34bb174c3981c3516fcfeed1ab8e8e10497a7242,344,45,LATIN_PERSON_NAME,TRANSCRIBED_FROM_IMAGE,RISHAD PADATH BASHEER PADATH,VALUE_OK,True,True,True
pilot_01,nationality,C:\Users\Rw\UAE_LICENSE_OCR_V1\pilot_subset\images\pilot_01.png,4683979815aa417f273e5f1b324702d3a80a7051f1f593bd5c535dc6e15f9e89,C:\Users\Rw\UAE_LICENSE_OCR_V1\pilot_subset\runs\pilot_01\value_crops\04_nationality.png,c48172488ad49af905dce65d62c85eca26462cbd18c9a632f7969a03ca1dd44f,200,40,LATIN_TEXT,TRANSCRIBED_FROM_IMAGE,INDIA,LABEL_BOUNDARY_CONFLICT,False,False,False
pilot_01,date_of_birth,C:\Users\Rw\UAE_LICENSE_OCR_V1\pilot_subset\images\pilot_01.png,4683979815aa417f273e5f1b324702d3a80a7051f1f593bd5c535dc6e15f9e89,C:\Users\Rw\UAE_LICENSE_OCR_V1\pilot_subset\runs\pilot_01\value_crops\05_date_of_birth.png,c48172488ad49af905dce65d62c85eca26462cbd18c9a632f7969a03ca1dd44f,200,40,DATE_DD_MM_YYYY,TRANSCRIBED_FROM_IMAGE,03/05/1990,LABEL_BOUNDARY_CONFLICT,False,False,False
pilot_01,issue_date,C:\Users\Rw\UAE_LICENSE_OCR_V1\pilot_subset\images\pilot_01.png,4683979815aa417f273e5f1b324702d3a80a7051f1f593bd5c535dc6e15f9e89,C:\Users\Rw\UAE_LICENSE_OCR_V1\pilot_subset\runs\pilot_01\value_crops\06_issue_date.png,c48172488ad49af905dce65d62c85eca26462cbd18c9a632f7969a03ca1dd44f,200,40,DATE_DD_MM_YYYY,TRANSCRIBED_FROM_IMAGE,12/09/2019,LABEL_BOUNDARY_CONFLICT,False,False,False
pilot_01,expiry_date,C:\Users\Rw\UAE_LICENSE_OCR_V1\pilot_subset\images\pilot_01.png,4683979815aa417f273e5f1b324702d3a80a7051f1f593bd5c535dc6e15f9e89,C:\Users\Rw\UAE_LICENSE_OCR_V1\pilot_subset\runs\pilot_01\value_crops\07_expiry_date.png,c48172488ad49af905dce65d62c85eca26462cbd18c9a632f7969a03ca1dd44f,200,40,DATE_DD_MM_YYYY,TRANSCRIBED_FROM_IMAGE,11/09/2021,LABEL_BOUNDARY_CONFLICT,False,False,False
pilot_01,place_of_issue,C:\Users\Rw\UAE_LICENSE_OCR_V1\pilot_subset\images\pilot_01.png,4683979815aa417f273e5f1b324702d3a80a7051f1f593bd5c535dc6e15f9e89,C:\Users\Rw\UAE_LICENSE_OCR_V1\pilot_subset\runs\pilot_01\value_crops\08_place_of_issue.png,c48172488ad49af905dce65d62c85eca26462cbd18c9a632f7969a03ca1dd44f,200,40,LATIN_TEXT,TRANSCRIBED_FROM_IMAGE,ABU DHABI,VALUE_BOUNDARY_UNCERTAIN,False,False,False
pilot_02,license_number,C:\Users\Rw\UAE_LICENSE_OCR_V1\pilot_subset\images\pilot_02.png,b2846030259e49735ce1a56293d70911b244b0dca923e742e6e1321337286355,C:\Users\Rw\UAE_LICENSE_OCR_V1\pilot_subset\runs\pilot_02\value_crops\01_license_number.png,d7aa028a2bbd0237a043ed39d85ccf8c96a0f42f57f9a718c86e0623077a74af,297,29,LATIN_DIGITS_OR_ALPHANUMERIC,TRANSCRIBED_FROM_IMAGE,1893918,VALUE_OK,True,True,True
pilot_02,name_ar,C:\Users\Rw\UAE_LICENSE_OCR_V1\pilot_subset\images\pilot_02.png,b2846030259e49735ce1a56293d70911b244b0dca923e742e6e1321337286355,C:\Users\Rw\UAE_LICENSE_OCR_V1\pilot_subset\runs\pilot_02\value_crops\02_name_ar.png,32e130a416e9bdb7afb058f75184a64442f9dcfd25ba10785a891f21dd7fedbc,415,26,ARABIC_TEXT,TRANSCRIBED_FROM_IMAGE,مارلون بانتي تومنجلاو,VALUE_OK,True,True,True
pilot_02,name_en,C:\Users\Rw\UAE_LICENSE_OCR_V1\pilot_subset\images\pilot_02.png,b2846030259e49735ce1a56293d70911b244b0dca923e742e6e1321337286355,C:\Users\Rw\UAE_LICENSE_OCR_V1\pilot_subset\runs\pilot_02\value_crops\03_name_en.png,fec8f66d221fdebd680c4b02af012390d376dd97b2fe39f537ebf084c7c4e95c,443,31,LATIN_PERSON_NAME,TRANSCRIBED_FROM_IMAGE,Marlon Pantl Tomanglao,VALUE_OK,True,True,True
pilot_02,nationality,C:\Users\Rw\UAE_LICENSE_OCR_V1\pilot_subset\images\pilot_02.png,b2846030259e49735ce1a56293d70911b244b0dca923e742e6e1321337286355,C:\Users\Rw\UAE_LICENSE_OCR_V1\pilot_subset\runs\pilot_02\value_crops\04_nationality.png,62bdab8dd0542c6423af6798796d55f648c9b501df3a87fecacec6f4ade82737,183,29,LATIN_TEXT,TRANSCRIBED_FROM_IMAGE,Philippines,VALUE_OK,True,True,True
pilot_02,date_of_birth,C:\Users\Rw\UAE_LICENSE_OCR_V1\pilot_subset\images\pilot_02.png,b2846030259e49735ce1a56293d70911b244b0dca923e742e6e1321337286355,C:\Users\Rw\UAE_LICENSE_OCR_V1\pilot_subset\runs\pilot_02\value_crops\05_date_of_birth.png,f76f673af17342c3eb051f1db8ed1b7e51b58db198f58c74353eccef1514182d,288,32,DATE_DD_MM_YYYY,TRANSCRIBED_FROM_IMAGE,04/05/1980,VALUE_OK,True,True,True
pilot_02,issue_date,C:\Users\Rw\UAE_LICENSE_OCR_V1\pilot_subset\images\pilot_02.png,b2846030259e49735ce1a56293d70911b244b0dca923e742e6e1321337286355,C:\Users\Rw\UAE_LICENSE_OCR_V1\pilot_subset\runs\pilot_02\value_crops\06_issue_date.png,5532c33562ab02b8dd59d812eebc222bddb47135193e272da0cfecc322093cc5,303,30,DATE_DD_MM_YYYY,TRANSCRIBED_FROM_IMAGE,13/04/2013,VALUE_OK,True,True,True
pilot_02,expiry_date,C:\Users\Rw\UAE_LICENSE_OCR_V1\pilot_subset\images\pilot_02.png,b2846030259e49735ce1a56293d70911b244b0dca923e742e6e1321337286355,C:\Users\Rw\UAE_LICENSE_OCR_V1\pilot_subset\runs\pilot_02\value_crops\07_expiry_date.png,ec38ec2e92f25b12fcb1a23af370c7bf6db8bf0f7e6eeff4df69162e08284d2f,298,33,DATE_DD_MM_YYYY,TRANSCRIBED_FROM_IMAGE,13/04/2023,VALUE_OK,True,True,True
pilot_02,place_of_issue,C:\Users\Rw\UAE_LICENSE_OCR_V1\pilot_subset\images\pilot_02.png,b2846030259e49735ce1a56293d70911b244b0dca923e742e6e1321337286355,C:\Users\Rw\UAE_LICENSE_OCR_V1\pilot_subset\runs\pilot_02\value_crops\08_place_of_issue.png,b9ed96683996d3080bc504ec12db1a96ebfe779683a3503fbc9f6a7891e79cbd,79,33,LATIN_TEXT,TRANSCRIBED_FROM_IMAGE,Dubai,VALUE_OK,True,True,True
pilot_03,license_number,C:\Users\Rw\UAE_LICENSE_OCR_V1\pilot_subset\images\pilot_03.png,fb7cf7fb63e32571785da8e0c09d951b552c1bb63651da6cd2dd6be373a6705e,C:\Users\Rw\UAE_LICENSE_OCR_V1\pilot_subset\runs\pilot_03\value_crops\01_license_number.png,428e3fba6eb5aca94bbb3eeabe359d6390171225fefbeebb8278e25affcee661,262,29,LATIN_DIGITS_OR_ALPHANUMERIC,TRANSCRIBED_FROM_IMAGE,4718880,VALUE_OK,True,True,True
pilot_03,name_ar,C:\Users\Rw\UAE_LICENSE_OCR_V1\pilot_subset\images\pilot_03.png,fb7cf7fb63e32571785da8e0c09d951b552c1bb63651da6cd2dd6be373a6705e,C:\Users\Rw\UAE_LICENSE_OCR_V1\pilot_subset\runs\pilot_03\value_crops\02_name_ar.png,90c16b25342adcba5b1b2b1686d7ac712613e24d2a2e4687be0fec03c6b2f516,374,27,ARABIC_TEXT,TRANSCRIBED_FROM_IMAGE,جنه فردوس بلال حسين,VALUE_OK,True,True,True
pilot_03,name_en,C:\Users\Rw\UAE_LICENSE_OCR_V1\pilot_subset\images\pilot_03.png,fb7cf7fb63e32571785da8e0c09d951b552c1bb63651da6cd2dd6be373a6705e,C:\Users\Rw\UAE_LICENSE_OCR_V1\pilot_subset\runs\pilot_03\value_crops\03_name_en.png,0d71087df2843a8f21c836e01616791cf2dd5a52806365407dafe52005002718,424,27,LATIN_PERSON_NAME,TRANSCRIBED_FROM_IMAGE,Zannatul Ferdous Billal Hossain,VALUE_OK,True,True,True
pilot_03,nationality,C:\Users\Rw\UAE_LICENSE_OCR_V1\pilot_subset\images\pilot_03.png,fb7cf7fb63e32571785da8e0c09d951b552c1bb63651da6cd2dd6be373a6705e,C:\Users\Rw\UAE_LICENSE_OCR_V1\pilot_subset\runs\pilot_03\value_crops\04_nationality.png,c163d35cb1620bb466216af42865d79544bdd3478f27d527f4a3f0aa293b028b,135,29,LATIN_TEXT,TRANSCRIBED_FROM_IMAGE,Bangladesh,VALUE_OK,True,True,True
pilot_03,date_of_birth,C:\Users\Rw\UAE_LICENSE_OCR_V1\pilot_subset\images\pilot_03.png,fb7cf7fb63e32571785da8e0c09d951b552c1bb63651da6cd2dd6be373a6705e,C:\Users\Rw\UAE_LICENSE_OCR_V1\pilot_subset\runs\pilot_03\value_crops\05_date_of_birth.png,53d6bd8e8300fac82e29a59b3217a6aa8a9f2fd7117d349b7c8e742991a3ddf2,259,27,DATE_DD_MM_YYYY,TRANSCRIBED_FROM_IMAGE,01/11/1995,VALUE_OK,True,True,True
pilot_03,issue_date,C:\Users\Rw\UAE_LICENSE_OCR_V1\pilot_subset\images\pilot_03.png,fb7cf7fb63e32571785da8e0c09d951b552c1bb63651da6cd2dd6be373a6705e,C:\Users\Rw\UAE_LICENSE_OCR_V1\pilot_subset\runs\pilot_03\value_crops\06_issue_date.png,1a46958629d4732c44484bde7b6521471e7a80cd663f0bb876e59d082b3c522f,273,29,DATE_DD_MM_YYYY,TRANSCRIBED_FROM_IMAGE,11/06/2024,VALUE_OK,True,True,True
pilot_03,expiry_date,C:\Users\Rw\UAE_LICENSE_OCR_V1\pilot_subset\images\pilot_03.png,fb7cf7fb63e32571785da8e0c09d951b552c1bb63651da6cd2dd6be373a6705e,C:\Users\Rw\UAE_LICENSE_OCR_V1\pilot_subset\runs\pilot_03\value_crops\07_expiry_date.png,1a94c9f807d0ba0635f247ff7d8142927fb43686dff7c7c8e4dde6397151b84b,273,29,DATE_DD_MM_YYYY,TRANSCRIBED_FROM_IMAGE,11/06/2026,VALUE_OK,True,True,True
pilot_03,place_of_issue,C:\Users\Rw\UAE_LICENSE_OCR_V1\pilot_subset\images\pilot_03.png,fb7cf7fb63e32571785da8e0c09d951b552c1bb63651da6cd2dd6be373a6705e,C:\Users\Rw\UAE_LICENSE_OCR_V1\pilot_subset\runs\pilot_03\value_crops\08_place_of_issue.png,bfc8aa570efc12ce6f9baf0bfc09cfed6fb2cf90537fcb35f311b4df092ad365,72,30,LATIN_TEXT,TRANSCRIBED_FROM_IMAGE,Dubai,VALUE_OK,True,True,True
pilot_04,license_number,C:\Users\Rw\UAE_LICENSE_OCR_V1\pilot_subset\images\pilot_04.png,33252114f253de98b9f1d877c117d290926687fd8fd0079350779f5013453264,C:\Users\Rw\UAE_LICENSE_OCR_V1\pilot_subset\runs\pilot_04\value_crops\01_license_number.png,21110db47c32a983cad653d0ac60bba94d297802c8e3d4b90649ff355740cf57,243,27,LATIN_DIGITS_OR_ALPHANUMERIC,UNREADABLE,,VALUE_OK,True,False,False
pilot_04,name_ar,C:\Users\Rw\UAE_LICENSE_OCR_V1\pilot_subset\images\pilot_04.png,33252114f253de98b9f1d877c117d290926687fd8fd0079350779f5013453264,C:\Users\Rw\UAE_LICENSE_OCR_V1\pilot_subset\runs\pilot_04\value_crops\02_name_ar.png,e0b83b1d1eec263ad47d50c9d72b5c1fddc7f43ad1cc9640d69e21ba2b09e91d,338,24,ARABIC_TEXT,TRANSCRIBED_FROM_IMAGE,محمد جمال احمد السيد حسين,VALUE_OK,True,True,True
pilot_04,name_en,C:\Users\Rw\UAE_LICENSE_OCR_V1\pilot_subset\images\pilot_04.png,33252114f253de98b9f1d877c117d290926687fd8fd0079350779f5013453264,C:\Users\Rw\UAE_LICENSE_OCR_V1\pilot_subset\runs\pilot_04\value_crops\03_name_en.png,01a8b72144c8937d293e24a399339530e58b818901cbae787befed0c1430f086,358,17,LATIN_PERSON_NAME,TRANSCRIBED_FROM_IMAGE,MOHAMED GAMAL AHMED ELSAYED HUSSEIN,VALUE_OK,True,True,True
pilot_04,nationality,C:\Users\Rw\UAE_LICENSE_OCR_V1\pilot_subset\images\pilot_04.png,33252114f253de98b9f1d877c117d290926687fd8fd0079350779f5013453264,C:\Users\Rw\UAE_LICENSE_OCR_V1\pilot_subset\runs\pilot_04\value_crops\04_nationality.png,cca028dbec5ec86ea0fae3e945b1af6d426c0b211b8846dfaf5404118d155621,146,24,LATIN_TEXT,TRANSCRIBED_FROM_IMAGE,EGYPT,VALUE_OK,False,True,False
pilot_04,date_of_birth,C:\Users\Rw\UAE_LICENSE_OCR_V1\pilot_subset\images\pilot_04.png,33252114f253de98b9f1d877c117d290926687fd8fd0079350779f5013453264,C:\Users\Rw\UAE_LICENSE_OCR_V1\pilot_subset\runs\pilot_04\value_crops\05_date_of_birth.png,30692c1b955f0a369bb1f153fc489339504360e3e863f7f21c868d37ff018af8,236,22,DATE_DD_MM_YYYY,TRANSCRIBED_FROM_IMAGE,01/09/1991,VALUE_OK,True,True,True
pilot_04,issue_date,C:\Users\Rw\UAE_LICENSE_OCR_V1\pilot_subset\images\pilot_04.png,33252114f253de98b9f1d877c117d290926687fd8fd0079350779f5013453264,C:\Users\Rw\UAE_LICENSE_OCR_V1\pilot_subset\runs\pilot_04\value_crops\06_issue_date.png,65285fe1f2dc4bf36a2d7dd4899b5af56e77f016dc6004b0cbc5c7407f0f1d70,247,26,DATE_DD_MM_YYYY,TRANSCRIBED_FROM_IMAGE,08/09/2026,VALUE_OK,True,True,True
pilot_04,expiry_date,C:\Users\Rw\UAE_LICENSE_OCR_V1\pilot_subset\images\pilot_04.png,33252114f253de98b9f1d877c117d290926687fd8fd0079350779f5013453264,C:\Users\Rw\UAE_LICENSE_OCR_V1\pilot_subset\runs\pilot_04\value_crops\07_expiry_date.png,8c67afb8c84db5b4f9d12744358085ddd2b31afbf1dcafdd66c333956fa61176,246,26,DATE_DD_MM_YYYY,TRANSCRIBED_FROM_IMAGE,07/09/2028,VALUE_OK,True,True,True
pilot_04,place_of_issue,C:\Users\Rw\UAE_LICENSE_OCR_V1\pilot_subset\images\pilot_04.png,33252114f253de98b9f1d877c117d290926687fd8fd0079350779f5013453264,C:\Users\Rw\UAE_LICENSE_OCR_V1\pilot_subset\runs\pilot_04\value_crops\08_place_of_issue.png,99b13396e65cd9091f69d7836668a13ffd65817d5ccda43504d2a20daccbea29,122,27,LATIN_TEXT,TRANSCRIBED_FROM_IMAGE,Abu Dhabi,VALUE_OK,True,True,True
