test_id,field_name,ground_truth_value,truth_status,source_image,source_sha256
pilot_01,license_number,2490527,TRANSCRIBED_FROM_IMAGE,pilot_01.png,4683979815aa417f273e5f1b324702d3a80a7051f1f593bd5c535dc6e15f9e89
pilot_01,name_ar,رشاد باداث بشير باداث,TRANSCRIBED_FROM_IMAGE,pilot_01.png,4683979815aa417f273e5f1b324702d3a80a7051f1f593bd5c535dc6e15f9e89
pilot_01,name_en,RISHAD PADATH BASHEER PADATH,TRANSCRIBED_FROM_IMAGE,pilot_01.png,4683979815aa417f273e5f1b324702d3a80a7051f1f593bd5c535dc6e15f9e89
pilot_01,nationality,INDIA,TRANSCRIBED_FROM_IMAGE,pilot_01.png,4683979815aa417f273e5f1b324702d3a80a7051f1f593bd5c535dc6e15f9e89
pilot_01,date_of_birth,03/05/1990,TRANSCRIBED_FROM_IMAGE,pilot_01.png,4683979815aa417f273e5f1b324702d3a80a7051f1f593bd5c535dc6e15f9e89
pilot_01,issue_date,12/09/2019,TRANSCRIBED_FROM_IMAGE,pilot_01.png,4683979815aa417f273e5f1b324702d3a80a7051f1f593bd5c535dc6e15f9e89
pilot_01,expiry_date,11/09/2021,TRANSCRIBED_FROM_IMAGE,pilot_01.png,4683979815aa417f273e5f1b324702d3a80a7051f1f593bd5c535dc6e15f9e89
pilot_01,place_of_issue,ABU DHABI,TRANSCRIBED_FROM_IMAGE,pilot_01.png,4683979815aa417f273e5f1b324702d3a80a7051f1f593bd5c535dc6e15f9e89
pilot_02,license_number,1893918,TRANSCRIBED_FROM_IMAGE,pilot_02.png,b2846030259e49735ce1a56293d70911b244b0dca923e742e6e1321337286355
pilot_02,name_ar,مارلون بانتي تومنجلاو,TRANSCRIBED_FROM_IMAGE,pilot_02.png,b2846030259e49735ce1a56293d70911b244b0dca923e742e6e1321337286355
pilot_02,name_en,Marlon Pantl Tomanglao,TRANSCRIBED_FROM_IMAGE,pilot_02.png,b2846030259e49735ce1a56293d70911b244b0dca923e742e6e1321337286355
pilot_02,nationality,Philippines,TRANSCRIBED_FROM_IMAGE,pilot_02.png,b2846030259e49735ce1a56293d70911b244b0dca923e742e6e1321337286355
pilot_02,date_of_birth,04/05/1980,TRANSCRIBED_FROM_IMAGE,pilot_02.png,b2846030259e49735ce1a56293d70911b244b0dca923e742e6e1321337286355
pilot_02,issue_date,13/04/2013,TRANSCRIBED_FROM_IMAGE,pilot_02.png,b2846030259e49735ce1a56293d70911b244b0dca923e742e6e1321337286355
pilot_02,expiry_date,13/04/2023,TRANSCRIBED_FROM_IMAGE,pilot_02.png,b2846030259e49735ce1a56293d70911b244b0dca923e742e6e1321337286355
pilot_02,place_of_issue,Dubai,TRANSCRIBED_FROM_IMAGE,pilot_02.png,b2846030259e49735ce1a56293d70911b244b0dca923e742e6e1321337286355
pilot_03,license_number,4718880,TRANSCRIBED_FROM_IMAGE,pilot_03.png,fb7cf7fb63e32571785da8e0c09d951b552c1bb63651da6cd2dd6be373a6705e
pilot_03,name_ar,جنه فردوس بلال حسين,TRANSCRIBED_FROM_IMAGE,pilot_03.png,fb7cf7fb63e32571785da8e0c09d951b552c1bb63651da6cd2dd6be373a6705e
pilot_03,name_en,Zannatul Ferdous Billal Hossain,TRANSCRIBED_FROM_IMAGE,pilot_03.png,fb7cf7fb63e32571785da8e0c09d951b552c1bb63651da6cd2dd6be373a6705e
pilot_03,nationality,Bangladesh,TRANSCRIBED_FROM_IMAGE,pilot_03.png,fb7cf7fb63e32571785da8e0c09d951b552c1bb63651da6cd2dd6be373a6705e
pilot_03,date_of_birth,01/11/1995,TRANSCRIBED_FROM_IMAGE,pilot_03.png,fb7cf7fb63e32571785da8e0c09d951b552c1bb63651da6cd2dd6be373a6705e
pilot_03,issue_date,11/06/2024,TRANSCRIBED_FROM_IMAGE,pilot_03.png,fb7cf7fb63e32571785da8e0c09d951b552c1bb63651da6cd2dd6be373a6705e
pilot_03,expiry_date,11/06/2026,TRANSCRIBED_FROM_IMAGE,pilot_03.png,fb7cf7fb63e32571785da8e0c09d951b552c1bb63651da6cd2dd6be373a6705e
pilot_03,place_of_issue,Dubai,TRANSCRIBED_FROM_IMAGE,pilot_03.png,fb7cf7fb63e32571785da8e0c09d951b552c1bb63651da6cd2dd6be373a6705e
pilot_04,license_number,,UNREADABLE,pilot_04.png,33252114f253de98b9f1d877c117d290926687fd8fd0079350779f5013453264
pilot_04,name_ar,محمد جمال احمد السيد حسين,TRANSCRIBED_FROM_IMAGE,pilot_04.png,33252114f253de98b9f1d877c117d290926687fd8fd0079350779f5013453264
pilot_04,name_en,MOHAMED GAMAL AHMED ELSAYED HUSSEIN,TRANSCRIBED_FROM_IMAGE,pilot_04.png,33252114f253de98b9f1d877c117d290926687fd8fd0079350779f5013453264
pilot_04,nationality,EGYPT,TRANSCRIBED_FROM_IMAGE,pilot_04.png,33252114f253de98b9f1d877c117d290926687fd8fd0079350779f5013453264
pilot_04,date_of_birth,01/09/1991,TRANSCRIBED_FROM_IMAGE,pilot_04.png,33252114f253de98b9f1d877c117d290926687fd8fd0079350779f5013453264
pilot_04,issue_date,08/09/2026,TRANSCRIBED_FROM_IMAGE,pilot_04.png,33252114f253de98b9f1d877c117d290926687fd8fd0079350779f5013453264
pilot_04,expiry_date,07/09/2028,TRANSCRIBED_FROM_IMAGE,pilot_04.png,33252114f253de98b9f1d877c117d290926687fd8fd0079350779f5013453264
pilot_04,place_of_issue,Abu Dhabi,TRANSCRIBED_FROM_IMAGE,pilot_04.png,33252114f253de98b9f1d877c117d290926687fd8fd0079350779f5013453264
